m_mistrust;agent_0;agent_1;agent_2;agent_3;agent_4;agent_5;agent_6;agent_7;agent_8;agent_9;agent_10;agent_11;agent_12;agent_13;agent_14;agent_15;agent_16;agent_17;agent_18;agent_19
0.0;[0.0, 0.9999999999995645];[0.0, 0.9999999999954722];[0.0, 0.9999999999997733];[0.0, 0.9999999999996355];[0.0, 0.9999999999982355];[0.0, 0.9999999999998653];[0.0, 0.9999999999999963];[0.0, 0.9999999999997422];[0.0, 0.9999999999948721];[0.0, 0.999999997942988];[1.0, 0.9999999999992482];[1.0, 0.9999999999950125];[1.0, 0.9999999999981226];[1.0, 0.9999999999973079];[1.0, 0.9999999999937742];[1.0, 0.9999999999983996];[1.0, 0.9999999999997922];[1.0, 0.9999999999962382];[1.0, 0.9999999999995773];[1.0, 0.9999999999979023]
0.0;[0.0, 0.9999991692082946];[0.0, 0.9999984394843051];[0.0, 0.9999990201263812];[0.0, 0.9999998914843503];[0.0, 0.999999687188484];[0.0, 0.9999998035960362];[0.0, 0.9999961260463234];[0.0, 0.9999996563005176];[0.0, 0.9999999111540802];[0.0, 0.9999999723363918];[1.0, 0.999998139807439];[1.0, 0.9999998505184451];[1.0, 0.9999998719377965];[1.0, 0.9999995657346804];[1.0, 0.9999998025090572];[1.0, 0.9999998659390618];[1.0, 0.9999996670643583];[1.0, 0.9999993342341253];[1.0, 0.9999941198371648];[1.0, 0.9999997995766576]
0.0;[0.0, 0.9999999999664398];[0.0, 0.9999999999830799];[0.0, 0.999999999973162];[0.0, 0.9999999999989991];[0.0, 0.9999999999959724];[0.0, 0.9999999999937872];[0.0, 0.999999999973386];[0.0, 0.9999999999927334];[0.0, 0.9999999999988953];[0.0, 0.999999999996366];[1.0, 0.9999999999942765];[1.0, 0.9999999999913741];[1.0, 0.9999999999834884];[1.0, 0.9999999999873371];[1.0, 0.9999999999955985];[1.0, 0.9999999999969991];[1.0, 0.9999999999996989];[1.0, 0.9999999999961916];[1.0, 0.9999999999804717];[1.0, 0.99999999999893]
0.0;[0.0, 0.9999999998874263];[0.0, 0.9999999982914671];[0.0, 0.9999999684026621];[0.0, 0.999999999148557];[0.0, 0.999999997696015];[0.0, 0.9999999995487381];[0.0, 0.9999992911193187];[0.0, 0.9999999951744785];[0.0, 0.9999999996388137];[0.0, 0.9999999993563913];[1.0, 0.999999998945613];[1.0, 0.9999999976873756];[1.0, 0.9999999999635387];[1.0, 0.9999999998992304];[1.0, 0.9999999996612132];[1.0, 0.9999999990408865];[1.0, 0.999999999988197];[1.0, 0.9999999991153726];[1.0, 0.9999999989222939];[1.0, 0.9999999961664596]
0.0;[0.0, 0.9999998727747145];[0.0, 0.9999992792842778];[0.0, 0.9999971642663257];[0.0, 0.9999991754753265];[0.0, 0.9999979565631648];[0.0, 0.9999980814823709];[0.0, 0.9999980557965918];[0.0, 0.9999989062002131];[0.0, 0.9999930031838374];[0.0, 0.999996361693229];[1.0, 0.9999809549760967];[1.0, 0.999999085102293];[1.0, 0.9999994330124201];[1.0, 0.9999924363947817];[1.0, 0.9999752326285335];[1.0, 0.999996042179215];[1.0, 0.9999987663521503];[1.0, 0.9999843140651523];[1.0, 0.9999980874968024];[1.0, 0.9999512077445837]
0.0;[0.0, 0.9999999999936701];[0.0, 0.9999999999881217];[0.0, 0.9999999999339882];[0.0, 0.9999999999970545];[0.0, 0.9999999999998129];[0.0, 0.9999999999945375];[0.0, 0.9999999999971539];[0.0, 0.9999999999993654];[0.0, 0.9999999999783641];[0.0, 0.9999999999962125];[1.0, 0.9999999999989858];[1.0, 0.9999999999794976];[1.0, 0.9999999999995959];[1.0, 0.9999999995851516];[1.0, 0.9999999999992715];[1.0, 0.9999999999197952];[1.0, 0.9999999999786674];[1.0, 0.9999999999957204];[1.0, 0.9999999999988853];[1.0, 0.9999999999932138]
0.0;[0.0, 0.9999999475551652];[0.0, 0.9999994520677875];[0.0, 0.9999997294730308];[0.0, 0.9999991031252307];[0.0, 0.9999996027264045];[0.0, 0.9999993071373069];[0.0, 0.9999998958180553];[0.0, 0.9999999926375219];[0.0, 0.9999995030437736];[0.0, 0.999993316460409];[1.0, 0.999999747411338];[1.0, 0.9999994380199332];[1.0, 0.9999999598381009];[1.0, 0.9999999789104391];[1.0, 0.9999997670214714];[1.0, 0.9999991789752922];[1.0, 0.999999985870709];[1.0, 0.9999999740348826];[1.0, 0.9999985989044359];[1.0, 0.999999295458006]
0.0;[0.0, 0.9999990753582166];[0.0, 0.9999925786850853];[0.0, 0.9999987535753663];[0.0, 0.9999998998051326];[0.0, 0.999999971912044];[0.0, 0.9999999405600432];[0.0, 0.9999996776796096];[0.0, 0.9999999542414464];[0.0, 0.9999997956362705];[0.0, 0.9999999270429493];[1.0, 0.9999998417628805];[1.0, 0.9999999524167197];[1.0, 0.9999997993160584];[1.0, 0.999999789950874];[1.0, 0.9999999322072233];[1.0, 0.9999998067308905];[1.0, 0.9999999623304539];[1.0, 0.9999999369208502];[1.0, 0.9999999593965505];[1.0, 0.9999976858511637]
0.0;[0.0, 0.9999994345430402];[0.0, 0.9999793938297098];[0.0, 0.999996469242415];[0.0, 0.9999995432717534];[0.0, 0.9999958264521752];[0.0, 0.999995439567377];[0.0, 0.9999968154755963];[0.0, 0.9999995557152384];[0.0, 0.9999939812715631];[0.0, 0.9999979807017177];[1.0, 0.9999811903855498];[1.0, 0.9998728627614414];[1.0, 0.9999985716838735];[1.0, 0.9999974073003804];[1.0, 0.9999991673716141];[1.0, 0.9999916243012423];[1.0, 0.9999954817242095];[1.0, 0.9999932344095923];[1.0, 0.9980297220121357];[1.0, 0.9999989275215823]
0.0;[0.0, 0.9999970802276165];[0.0, 0.9999903629055358];[0.0, 0.9999988698371347];[0.0, 0.9999999379825312];[0.0, 0.999999943350789];[0.0, 0.9999999836706452];[0.0, 0.9999999537838464];[0.0, 0.9999996489721041];[0.0, 0.9999997503562397];[0.0, 0.9999992028109611];[1.0, 0.999999947148924];[1.0, 0.9999997544175924];[1.0, 0.9999997199348978];[1.0, 0.9999999650595379];[1.0, 0.9999997129467797];[1.0, 0.9999983778631422];[1.0, 0.9999992709370978];[1.0, 0.9999721702278583];[1.0, 0.9999999130073879];[1.0, 0.9999991944660352]
0.75;[0.0, 0.9999515091807665];[0.0, 0.999977291366917];[0.0, 0.9987671097638422];[0.0, 0.9995620524323716];[0.0, 0.9999971228222937];[0.0, 0.9999235259690022];[0.0, 0.9999996560933443];[0.0, 0.9995792332490676];[0.0, 0.9999320074432052];[0.0, 0.9999001899126524];[1.0, 0.9995746631882042];[1.0, 0.9996532851706772];[1.0, 0.9998264463026466];[1.0, 0.99994674443006];[1.0, 0.999577961029369];[1.0, 0.9995470763687372];[1.0, 0.9995256707707024];[1.0, 0.999330427191939];[1.0, 0.9995974490398067];[1.0, 0.9996914932546521]
0.75;[0.0, 0.9999891472594276];[0.0, 0.9998637446164166];[0.0, 0.9999672993069157];[0.0, 0.9999975323988897];[0.0, 0.9999962253431015];[0.0, 0.9999773238146533];[0.0, 0.999999769140839];[0.0, 0.9999957029210436];[0.0, 0.9998449667941953];[0.0, 0.9999926734716466];[1.0, 0.9999970534662569];[1.0, 0.9999991172981886];[1.0, 0.9999974486171711];[1.0, 0.9999977986792801];[1.0, 0.9999974675404216];[1.0, 0.999997583933983];[1.0, 0.9999995444818041];[1.0, 0.9999974631316704];[1.0, 0.9999985940146743];[1.0, 0.9999974873641445]
0.75;[0.0, 0.9999999999400012];[0.0, 0.9999999999944591];[0.0, 0.9999999999998419];[0.0, 0.9999999999617578];[0.0, 0.9999999999943829];[0.0, 0.9999999999952796];[0.0, 0.9999999999990971];[0.0, 0.9999999999953897];[0.0, 0.9999999999996817];[0.0, 0.9999999999655038];[1.0, 0.9999999727828266];[1.0, 0.9999999502826662];[1.0, 0.9999999937654737];[1.0, 0.9999999671037283];[1.0, 0.9999999819163031];[1.0, 0.9999999959806152];[1.0, 0.9999999973531097];[1.0, 0.9999999864171559];[1.0, 0.9999999878056803];[1.0, 0.9999999684405845]
0.75;[0.0, 0.9999999966169746];[0.0, 0.9999998973868853];[0.0, 0.9999997463024973];[0.0, 0.9999999927488604];[0.0, 0.9999997201047793];[0.0, 0.9999999870049796];[0.0, 0.9999994880226319];[0.0, 0.9999999943903939];[0.0, 0.9999997433231973];[0.0, 0.9999993441016657];[1.0, 0.9999908900286901];[1.0, 0.9999920400372427];[1.0, 0.9999668064390659];[1.0, 0.9999645848108027];[1.0, 0.9999334151043873];[1.0, 0.9999313458408493];[1.0, 0.99992747111824];[1.0, 0.9999520528392245];[1.0, 0.9999739112056465];[1.0, 0.9999148149333568]
0.75;[0.0, 0.9999996266532125];[0.0, 0.9999994138513135];[0.0, 0.9999999363818437];[0.0, 0.9999996394140458];[0.0, 0.9999990807371163];[0.0, 0.9999994238741332];[0.0, 0.9999999759904787];[0.0, 0.9999999653986149];[0.0, 0.9999997931339327];[0.0, 0.9999999747101875];[1.0, 0.9999995764992101];[1.0, 0.9999996645570022];[1.0, 0.9999993499705406];[1.0, 0.9999995774506115];[1.0, 0.9999996134764503];[1.0, 0.99999989507667];[1.0, 0.9999998707149493];[1.0, 0.9999996773428281];[1.0, 0.9999996772561057];[1.0, 0.9999995474996305]
0.75;[0.0, 0.9999996264679507];[0.0, 0.9999999071574128];[0.0, 0.9999996776150794];[0.0, 0.999999663818621];[0.0, 0.9999996856101483];[0.0, 0.999999560935649];[0.0, 0.9999997944045762];[0.0, 0.9999998334968843];[0.0, 0.9999999695836883];[0.0, 0.9999997147419686];[1.0, 0.9996672429528627];[1.0, 0.9990966723017624];[1.0, 0.9989868854469587];[1.0, 0.9998114789610679];[1.0, 0.9995095438940793];[1.0, 0.9997876308203991];[1.0, 0.9986311608229864];[1.0, 0.9992157951959054];[1.0, 0.999501277945491];[1.0, 0.9981238708725891]
0.75;[0.0, 0.9999917862433089];[0.0, 0.9999972707644728];[0.0, 0.9999948186837032];[0.0, 0.9991362174154605];[0.0, 0.9998187230926712];[0.0, 0.9999378674212609];[0.0, 0.9998912265868451];[0.0, 0.9999241135986963];[0.0, 0.9999384522005152];[0.0, 0.9995565061026651];[1.0, 0.9999995862763684];[1.0, 0.9999999893390067];[1.0, 0.999999545661109];[1.0, 0.9999998926771745];[1.0, 0.9999995571068948];[1.0, 0.9999996304023955];[1.0, 0.9999998982431878];[1.0, 0.9999993787189276];[1.0, 0.9999998940899825];[1.0, 0.9999998567613413]
0.75;[0.0, 0.9999837897896716];[0.0, 0.9999987860079074];[0.0, 0.9995920856906898];[0.0, 0.9999919657118168];[0.0, 0.9997067733121732];[0.0, 0.9984877203346764];[0.0, 0.9999425514687137];[0.0, 0.9980769392539046];[0.0, 0.998817883932307];[0.0, 0.9994534975234011];[1.0, 0.9999683420346588];[1.0, 0.999960697827471];[1.0, 0.999942748658654];[1.0, 0.9998962464650798];[1.0, 0.9998996466565159];[1.0, 0.9999044604579959];[1.0, 0.9999275693073734];[1.0, 0.9999299199483503];[1.0, 0.9999442357464964];[1.0, 0.9999474306960012]
0.75;[0.0, 0.99998977008306];[0.0, 0.9999940134304092];[0.0, 0.9999885560035535];[0.0, 0.9999908013788237];[0.0, 0.9999959104376863];[0.0, 0.9999937767712154];[0.0, 0.9999920422446794];[0.0, 0.9999974121660131];[0.0, 0.9999890289352179];[0.0, 0.9999864316541703];[1.0, 0.9999999485709591];[1.0, 0.999999466821368];[1.0, 0.99999958479717];[1.0, 0.9999992710614987];[1.0, 0.9999998247849421];[1.0, 0.9999999493994047];[1.0, 0.9999999220329022];[1.0, 0.999999778084979];[1.0, 0.9999996873249904];[1.0, 0.9999994857167354]
0.75;[0.0, 0.9999999419435757];[0.0, 0.9999999375120536];[0.0, 0.9999999653102554];[0.0, 0.9999999558952211];[0.0, 0.9999999913871654];[0.0, 0.9999999050816335];[0.0, 0.9999999572197252];[0.0, 0.9999999504030705];[0.0, 0.9999999572034952];[0.0, 0.9999999567224254];[1.0, 0.9999993423401501];[1.0, 0.9999999651941075];[1.0, 0.9999989518588762];[1.0, 0.9999990336920099];[1.0, 0.9999999960526299];[1.0, 0.9999984491567641];[1.0, 0.9999998945401225];[1.0, 0.9999993003389086];[1.0, 0.9999990942909155];[1.0, 0.9999983071058332]
1.0;[0.0, 0.9999998762123861];[0.0, 0.9999685880119547];[0.0, 0.9999999552199463];[0.0, 0.9999980276355378];[0.0, 0.9999787283349733];[0.0, 0.9999996347054156];[0.0, 0.9999752275859927];[0.0, 0.9999993007442298];[0.0, 0.999969927922872];[0.0, 0.9999493400150998];[1.0, 0.999748943471904];[1.0, 0.9985314517143228];[1.0, 0.998900755545425];[1.0, 0.999286056844873];[1.0, 0.997688583553271];[1.0, 0.9979688281788771];[1.0, 0.9971861375339026];[1.0, 0.9967015540827361];[1.0, 0.997847924877627];[1.0, 0.9989421411028386]
1.0;[0.0, 0.9993755038731894];[0.0, 0.9993235301642607];[0.0, 0.9993966291833272];[0.0, 0.9997190404537633];[0.0, 0.9994825355295942];[0.0, 0.9965300775969524];[0.0, 0.9997712263583565];[0.0, 0.9986730165993726];[0.0, 0.9931660133622302];[0.0, 0.9982583396411244];[1.0, 0.999830807909658];[1.0, 0.9996330997685392];[1.0, 0.9997186152456754];[1.0, 0.9998853404610742];[1.0, 0.9996495853063662];[1.0, 0.9996476147914257];[1.0, 0.999661228351482];[1.0, 0.9994823591430935];[1.0, 0.9998531369576318];[1.0, 0.999781934220067]
1.0;[0.0, 0.9999999998300342];[0.0, 0.9999999999989448];[0.0, 0.9999999999660825];[0.0, 0.9999999999642983];[0.0, 0.9999999999079952];[0.0, 0.9999999999870355];[0.0, 0.999999999960401];[0.0, 0.9999999998782865];[0.0, 0.999999999999289];[0.0, 0.9999999999964886];[1.0, 0.9999992589645481];[1.0, 0.9999995176065631];[1.0, 0.9999996888085507];[1.0, 0.999998561513851];[1.0, 0.9999983936425049];[1.0, 0.9999973451170926];[1.0, 0.9999966248797532];[1.0, 0.9999965571731656];[1.0, 0.9999964704925596];[1.0, 0.9999977866711794]
1.0;[0.0, 0.999998148458743];[0.0, 0.9999942520445382];[0.0, 0.9999969961800796];[0.0, 0.9999931246841367];[0.0, 0.9999991314325953];[0.0, 0.9999999014993692];[0.0, 0.9999939417846606];[0.0, 0.999993810500358];[0.0, 0.9999071486984807];[0.0, 0.9999994043080062];[1.0, 0.9999997939485118];[1.0, 0.9999998663131419];[1.0, 0.9999994411125203];[1.0, 0.9999993622287494];[1.0, 0.9999993903611434];[1.0, 0.9999995908634927];[1.0, 0.9999998828245019];[1.0, 0.9999994336730771];[1.0, 0.9999996718826399];[1.0, 0.999999176356415]
1.0;[0.0, 0.9999999987032808];[0.0, 0.9999999987464411];[0.0, 0.9999999989093348];[0.0, 0.9999999986859407];[0.0, 0.9999999989822346];[0.0, 0.9999999989680708];[0.0, 0.9999999990386041];[0.0, 0.9999999961565563];[0.0, 0.9999999983668326];[0.0, 0.9999999985326743];[1.0, 0.9999999981576387];[1.0, 0.9999999954543592];[1.0, 0.9999999970957634];[1.0, 0.9999999968232857];[1.0, 0.9999999998904644];[1.0, 0.9999999673754391];[1.0, 0.999999991376892];[1.0, 0.999999994376614];[1.0, 0.9999999984220652];[1.0, 0.9999999603526251]
1.0;[0.0, 0.9999999991203381];[0.0, 0.9999999868237208];[0.0, 0.9999999606387651];[0.0, 0.9999999843710838];[0.0, 0.9999999943896389];[0.0, 0.9999999955863076];[0.0, 0.99999994924276];[0.0, 0.9999999489444109];[0.0, 0.9999999967593769];[0.0, 0.9999999605499847];[1.0, 0.9999999953661235];[1.0, 0.9999999936788069];[1.0, 0.99999999528707];[1.0, 0.9999999959316958];[1.0, 0.9999999837677996];[1.0, 0.9999999872027493];[1.0, 0.9999999840161637];[1.0, 0.9999999812862563];[1.0, 0.9999999841904453];[1.0, 0.9999999877713601]
1.0;[0.0, 0.999997338731073];[0.0, 0.9998929689080558];[0.0, 0.9999380514366266];[0.0, 0.9999985882709566];[0.0, 0.9999969064714446];[0.0, 0.9999996095675316];[0.0, 0.9999865992694519];[0.0, 0.9999901443259622];[0.0, 0.9999860088160304];[0.0, 0.9999897822780472];[1.0, 0.9999994514155759];[1.0, 0.9999996574984371];[1.0, 0.9999990540459166];[1.0, 0.9999995521048214];[1.0, 0.9999995074018835];[1.0, 0.9999988866365048];[1.0, 0.9999993499935333];[1.0, 0.9999995580043903];[1.0, 0.999998504757044];[1.0, 0.9999990052094331]
1.0;[0.0, 0.9999907468816325];[0.0, 0.9999912790153722];[0.0, 0.9999958362315979];[0.0, 0.9999918818478561];[0.0, 0.9999859654571815];[0.0, 0.9999783320377926];[0.0, 0.9999980709739678];[0.0, 0.999990990529021];[0.0, 0.9999914053328651];[0.0, 0.9999909887500917];[1.0, 0.9999999973774506];[1.0, 0.9999999833346263];[1.0, 0.9999999911818617];[1.0, 0.999999979765217];[1.0, 0.9999999989851144];[1.0, 0.9999999949865428];[1.0, 0.9999999892978962];[1.0, 0.9999999878670915];[1.0, 0.9999999928029607];[1.0, 0.9999999908546596]
1.0;[0.0, 0.9999992077328059];[0.0, 0.9999999332445838];[0.0, 0.9999991838668345];[0.0, 0.9999997345383547];[0.0, 0.9999975598973929];[0.0, 0.9999998299532227];[0.0, 0.9999998534529206];[0.0, 0.999999909942707];[0.0, 0.9999990996643515];[0.0, 0.9999990550800122];[1.0, 0.9999999973009103];[1.0, 0.9999999981411775];[1.0, 0.9999999974614918];[1.0, 0.9999999974121946];[1.0, 0.9999999864859048];[1.0, 0.9999999938921428];[1.0, 0.9999999969136597];[1.0, 0.9999999950806241];[1.0, 0.9999999944023044];[1.0, 0.9999999951034829]
1.0;[0.0, 0.9999878402925342];[0.0, 0.9999791818326935];[0.0, 0.9999847093134531];[0.0, 0.9999913438972251];[0.0, 0.9999993674802693];[0.0, 0.9999941589748313];[0.0, 0.9999932601779495];[0.0, 0.9999734767375734];[0.0, 0.9999999160743649];[0.0, 0.9999999772208453];[1.0, 0.9993161082882703];[1.0, 0.999725033527723];[1.0, 0.9992682256692453];[1.0, 0.9999167683002487];[1.0, 0.999415567472764];[1.0, 0.999401667733488];[1.0, 0.9999010547154891];[1.0, 0.9990151326216882];[1.0, 0.9998193753980055];[1.0, 0.9997504690354361]
1.05;[0.0, 0.9999999109131263];[0.0, 0.9999999859815433];[0.0, 0.999999989907186];[0.0, 0.9999999907643591];[0.0, 0.9999999073830673];[0.0, 0.9999999644947879];[0.0, 0.9999999311788194];[0.0, 0.999999933471531];[0.0, 0.9999999152766412];[0.0, 0.9999999202590633];[1.0, 0.9999999766321358];[1.0, 0.9999999790011918];[1.0, 0.9999999785834354];[1.0, 0.9999999781624302];[1.0, 0.999999972865384];[1.0, 0.9999999785254773];[1.0, 0.9999999765278239];[1.0, 0.9999999940564922];[1.0, 0.9999999770526746];[1.0, 0.9999999793090041]
1.05;[0.0, 0.9999998431095688];[0.0, 0.9999999923490204];[0.0, 0.9999999636627017];[0.0, 0.9999999347268231];[0.0, 0.9999999875935445];[0.0, 0.9999998224038164];[0.0, 0.9999999720484114];[0.0, 0.9999998986607262];[0.0, 0.999999950438929];[0.0, 0.9999999966318205];[1.0, 0.9999546597689795];[1.0, 0.9999720492866406];[1.0, 0.9999773038953833];[1.0, 0.999810806214924];[1.0, 0.9999649533352929];[1.0, 0.999614109745257];[1.0, 0.999911738913826];[1.0, 0.9999391203483621];[1.0, 0.9999527571734805];[1.0, 0.9996735487269182]
1.05;[0.0, 0.999999996019169];[0.0, 0.9999999966885562];[0.0, 0.999999998714058];[0.0, 0.999999997066087];[0.0, 0.9999999975377765];[0.0, 0.9999999997434714];[0.0, 0.9999999986268964];[0.0, 0.9999999983208292];[0.0, 0.9999999999097674];[0.0, 0.9999999999355602];[1.0, 0.999999745236136];[1.0, 0.9999998960714602];[1.0, 0.999999504100631];[1.0, 0.9999987795321974];[1.0, 0.9999994027268908];[1.0, 0.999999755158155];[1.0, 0.9999999026769911];[1.0, 0.9999998577369628];[1.0, 0.9999999100822278];[1.0, 0.9999995321871992]
1.05;[0.0, 0.9999999817300144];[0.0, 0.9999999779920685];[0.0, 0.9999999969082649];[0.0, 0.9999999088670909];[0.0, 0.9999999953724554];[0.0, 0.9999999935829036];[0.0, 0.9999999804453951];[0.0, 0.9999999874732663];[0.0, 0.9999999580379676];[0.0, 0.999999968278857];[1.0, 0.9999999428057978];[1.0, 0.9999999320323207];[1.0, 0.9999998009795538];[1.0, 0.9999999485919727];[1.0, 0.9999999534235828];[1.0, 0.9999998999372505];[1.0, 0.9999999492362094];[1.0, 0.9999999911813987];[1.0, 0.9999999249007686];[1.0, 0.9999999436154737]
1.05;[0.0, 0.9999999989713393];[0.0, 0.9999999994881261];[0.0, 0.9999999875593826];[0.0, 0.9999999549802037];[0.0, 0.999999964464811];[0.0, 0.9999998935763397];[0.0, 0.9999999826100232];[0.0, 0.9999999804298395];[0.0, 0.9999999520254801];[0.0, 0.9999999826134006];[1.0, 0.9999998210322366];[1.0, 0.9999995577347747];[1.0, 0.9999999365380923];[1.0, 0.999999908692362];[1.0, 0.9999998343534068];[1.0, 0.9999999011077596];[1.0, 0.999999726552751];[1.0, 0.9999996097634124];[1.0, 0.9999998224493878];[1.0, 0.9999998266818356]
1.05;[0.0, 0.9999999934468528];[0.0, 0.9999999786032282];[0.0, 0.9999999835333344];[0.0, 0.9999999996552889];[0.0, 0.9999999960974466];[0.0, 0.9999999963376125];[0.0, 0.999999994851045];[0.0, 0.9999999887166475];[0.0, 0.999999996359296];[0.0, 0.999999999784034];[1.0, 0.9999999685281153];[1.0, 0.9999999622957004];[1.0, 0.9999999766535375];[1.0, 0.9999999638930618];[1.0, 0.9999999732610971];[1.0, 0.9999999648823877];[1.0, 0.9999999713614051];[1.0, 0.9999999853189303];[1.0, 0.9999999629176031];[1.0, 0.9999999631912352]
1.05;[0.0, 0.9999171962315785];[0.0, 0.9999248476369398];[0.0, 0.9999296205599602];[0.0, 0.99991565641758];[0.0, 0.9999959880911734];[0.0, 0.9999082079422354];[0.0, 0.9999283127166287];[0.0, 0.9999382680815654];[0.0, 0.999984748774747];[0.0, 0.9999759243223064];[1.0, 0.9999999207783097];[1.0, 0.999999860580428];[1.0, 0.9999999818908286];[1.0, 0.9999998335415403];[1.0, 0.9999999470691403];[1.0, 0.9999999607822525];[1.0, 0.9999999246141296];[1.0, 0.9999999274882272];[1.0, 0.9999999388619005];[1.0, 0.999999965698398]
1.05;[0.0, 0.9999946756719511];[0.0, 0.9999954600660452];[0.0, 0.9999948268091042];[0.0, 0.9999933506050431];[0.0, 0.9999967333238056];[0.0, 0.9999953942777915];[0.0, 0.9999964248902606];[0.0, 0.9999965438387775];[0.0, 0.9999987015457884];[0.0, 0.9999999182119274];[1.0, 0.9999999999988528];[1.0, 0.9999999999988259];[1.0, 0.9999999999958211];[1.0, 0.9999999999981137];[1.0, 0.9999999999982594];[1.0, 0.9999999999979574];[1.0, 0.9999999999982556];[1.0, 0.999999999997597];[1.0, 0.9999999999985443];[1.0, 0.9999999999983972]
1.05;[0.0, 0.9999999269825971];[0.0, 0.99999994711063];[0.0, 0.9999999313328665];[0.0, 0.9999999196749625];[0.0, 0.9999998960584842];[0.0, 0.9999999514727436];[0.0, 0.999999999389243];[0.0, 0.9999999616977053];[0.0, 0.9999998927831777];[0.0, 0.9999999546305788];[1.0, 0.9999939598437537];[1.0, 0.9999974457193367];[1.0, 0.9999943413270385];[1.0, 0.9999952972193644];[1.0, 0.9999992097364827];[1.0, 0.9999928757386628];[1.0, 0.9999943430986944];[1.0, 0.9999911495853172];[1.0, 0.999996010688489];[1.0, 0.9999987069422972]
1.05;[0.0, 0.9973801543394945];[0.0, 0.9986156347781644];[0.0, 0.9995003400883402];[0.0, 0.9999923307328469];[0.0, 0.9994364468013974];[0.0, 0.9995364203471993];[0.0, 0.9996489058983453];[0.0, 0.9992477153707232];[0.0, 0.9999384854869391];[0.0, 0.9993592344049127];[1.0, 0.9999756033789703];[1.0, 0.9999748519231149];[1.0, 0.9999852899035934];[1.0, 0.9999876425556443];[1.0, 0.9998377482279491];[1.0, 0.9999787879258377];[1.0, 0.9999698778970937];[1.0, 0.9999799902563525];[1.0, 0.9999841025798565];[1.0, 0.9999844010054372]
1.4;[0.0, 0.9999999983630784];[0.0, 0.999999996685014];[0.0, 0.9999999959971777];[0.0, 0.9999999998938549];[0.0, 0.9999999995717037];[0.0, 0.9999999937008663];[0.0, 0.9999999999902836];[0.0, 0.9999999995486331];[0.0, 0.9999999977513621];[0.0, 0.999999998155213];[1.0, 0.9999999975306448];[1.0, 0.9999999998820653];[1.0, 0.9999999991728946];[1.0, 0.9999999926891346];[1.0, 0.999999998497162];[1.0, 0.9999999979188418];[1.0, 0.9999999969312148];[1.0, 0.9999999996869592];[1.0, 0.9999999990552276];[1.0, 0.9999999981622805]
1.4;[0.0, 0.9999998943514353];[0.0, 0.9999998983474221];[0.0, 0.999999986460414];[0.0, 0.9999994815760443];[0.0, 0.9999997885742729];[0.0, 0.9999992843175715];[0.0, 0.9999997077054267];[0.0, 0.9999999397053104];[0.0, 0.9999987169962121];[0.0, 0.9999982971190513];[1.0, 0.9999998956567285];[1.0, 0.9999997681010395];[1.0, 0.999999705852923];[1.0, 0.9999997306765552];[1.0, 0.9999999334333474];[1.0, 0.9999997922014434];[1.0, 0.9999999087619706];[1.0, 0.9999997282539307];[1.0, 0.9999997769181452];[1.0, 0.9999998071761691]
1.4;[0.0, 0.9999999999999651];[0.0, 0.9999999999999674];[0.0, 0.9999999999999674];[0.0, 0.9999999999999687];[0.0, 0.9999999999999674];[0.0, 0.9999999999999665];[0.0, 0.9999999999999527];[0.0, 0.9999999999998579];[0.0, 0.9999999999999911];[0.0, 0.9999999999999813];[1.0, 0.9999999736655071];[1.0, 0.9999998840095096];[1.0, 0.9999999619441997];[1.0, 0.999999786919046];[1.0, 0.9999997478313806];[1.0, 0.9999985966161767];[1.0, 0.9999999858012026];[1.0, 0.9999996538067661];[1.0, 0.9999991292686935];[1.0, 0.9999999851040642]
1.4;[0.0, 0.9999957960384598];[0.0, 0.9999959536946711];[0.0, 0.9999989273118213];[0.0, 0.9999994216583048];[0.0, 0.9999993613039937];[0.0, 0.9999954018119983];[0.0, 0.9999963215040122];[0.0, 0.999999352174584];[0.0, 0.9999962883852421];[0.0, 0.9999980685875365];[1.0, 0.9999998939137106];[1.0, 0.999999924687098];[1.0, 0.9999999498536428];[1.0, 0.9999999928038198];[1.0, 0.9999995723588473];[1.0, 0.9999997693507372];[1.0, 0.9999998716169816];[1.0, 0.9999994973245171];[1.0, 0.9999995850291132];[1.0, 0.9999994717356566]
1.4;[0.0, 0.9999999843494487];[0.0, 0.9999998798821863];[0.0, 0.9999999986560528];[0.0, 0.9999999968509676];[0.0, 0.9999999974347681];[0.0, 0.9999999999377642];[0.0, 0.9999999859556082];[0.0, 0.9999999989606576];[0.0, 0.9999999999717114];[0.0, 0.9999999999101816];[1.0, 0.9999638174936526];[1.0, 0.9999788940490894];[1.0, 0.9999868884969967];[1.0, 0.9999921088344839];[1.0, 0.9999372415031397];[1.0, 0.9997607311247592];[1.0, 0.9999499074934048];[1.0, 0.9999592993766714];[1.0, 0.9999498012387691];[1.0, 0.999938543821275]
1.4;[0.0, 0.9999999993804305];[0.0, 0.9999999994031192];[0.0, 0.999999998943111];[0.0, 0.9999999997086104];[0.0, 0.9999999999506076];[0.0, 0.9999999994567685];[0.0, 0.9999999998310725];[0.0, 0.9999999996431794];[0.0, 0.9999999996642259];[0.0, 0.9999999991773];[1.0, 0.9999999142322218];[1.0, 0.9999988701944481];[1.0, 0.9999995406423432];[1.0, 0.9999998715828845];[1.0, 0.9999986638953315];[1.0, 0.9999993670519666];[1.0, 0.9999990475312895];[1.0, 0.9999991197299933];[1.0, 0.9999995102277311];[1.0, 0.9999993516245241]
1.4;[0.0, 0.9999999999690953];[0.0, 0.9999999997634323];[0.0, 0.9999999984389843];[0.0, 0.9999999995019636];[0.0, 0.9999999970954129];[0.0, 0.999999993969616];[0.0, 0.9999999999886551];[0.0, 0.9999999977660055];[0.0, 0.9999999999595064];[0.0, 0.9999999990442432];[1.0, 0.9999992710630138];[1.0, 0.999996541690983];[1.0, 0.9999998087278421];[1.0, 0.9999987648313057];[1.0, 0.9999998681087974];[1.0, 0.9999998332618314];[1.0, 0.9999998923258432];[1.0, 0.9999994268826188];[1.0, 0.9999998364815567];[1.0, 0.9999992375283657]
1.4;[0.0, 0.9999991114629313];[0.0, 0.9999993910028743];[0.0, 0.9999994348110532];[0.0, 0.9999998010212152];[0.0, 0.9999995396190153];[0.0, 0.9999998585087329];[0.0, 0.9999993510641829];[0.0, 0.9999995639223849];[0.0, 0.9999990431458355];[0.0, 0.9999997177622881];[1.0, 0.9999998450702302];[1.0, 0.9999998624568402];[1.0, 0.9999997046580638];[1.0, 0.9999995837983396];[1.0, 0.9999994080166646];[1.0, 0.9999997590362745];[1.0, 0.9999997947351092];[1.0, 0.9999997257232829];[1.0, 0.9999994933361425];[1.0, 0.999999868029253]
1.4;[0.0, 0.9999947759807034];[0.0, 0.9999970109202843];[0.0, 0.99999714825373];[0.0, 0.9999970560201873];[0.0, 0.9999851587872022];[0.0, 0.9999973144351815];[0.0, 0.9999973093730756];[0.0, 0.9999976707018653];[0.0, 0.9999973585483615];[0.0, 0.9999962199487582];[1.0, 0.999999994771135];[1.0, 0.999999996996489];[1.0, 0.9999999989010757];[1.0, 0.9999999540423588];[1.0, 0.9999999904565128];[1.0, 0.9999999861378966];[1.0, 0.9999999955872086];[1.0, 0.999999985948477];[1.0, 0.9999999874313171];[1.0, 0.9999999774367166]
1.4;[0.0, 0.9999992906349391];[0.0, 0.9999999857426314];[0.0, 0.9999998433532135];[0.0, 0.9999996595399865];[0.0, 0.9999999475288379];[0.0, 0.9999999912900674];[0.0, 0.9999999950546135];[0.0, 0.9999999997704998];[0.0, 0.9999996544867442];[0.0, 0.9999999952784141];[1.0, 0.9999999999511907];[1.0, 0.9999999999736631];[1.0, 0.9999999999762557];[1.0, 0.9999999995403458];[1.0, 0.9999999999822597];[1.0, 0.9999999999136642];[1.0, 0.9999999996568278];[1.0, 0.9999999997947967];[1.0, 0.9999999999796584];[1.0, 0.9999999999054232]
2.0;[0.0, 0.9959762701166368];[0.0, 0.993252790490398];[0.0, 0.9972696520546434];[0.0, 0.9931529395406402];[0.0, 0.9998949419051626];[0.0, 0.9980392332939723];[0.0, 0.9999901894365211];[0.0, 0.9997035587090184];[0.0, 0.9946848454115114];[0.0, 0.991693620311557];[1.0, 0.00011842132467272464];[1.0, 0.9999985957334038];[1.0, 0.9999960575182852];[1.0, 0.9999989893248596];[1.0, 0.9999988410070383];[1.0, 0.0013633095343183591];[1.0, 0.999984860597835];[1.0, 0.9999979536752265];[1.0, 0.9999993518209623];[1.0, 0.9999978730340477]
2.0;[0.0, 0.9999999982599783];[0.0, 0.9999999997370252];[0.0, 0.9999999957809809];[0.0, 0.9999999983048647];[0.0, 0.9999999981901574];[0.0, 0.9999999981979318];[0.0, 0.9999999977164409];[0.0, 0.9999998202054194];[0.0, 0.9999999992979194];[0.0, 0.9999999745098416];[1.0, 0.00011460650044201599];[1.0, 3.1506453525329765e-05];[1.0, 3.0352816990508e-06];[1.0, 2.513879538978477e-07];[1.0, 6.645082676406887e-05];[1.0, 2.9270217715861303e-06];[1.0, 0.9999979396473507];[1.0, 8.175180500414492e-07];[1.0, 1.127370383037863e-06];[1.0, 2.1259228670589696e-08]
2.0;[0.0, 0.9999999980757023];[0.0, 0.9999999989914271];[0.0, 0.9999999983976533];[0.0, 0.9999999999761475];[0.0, 0.9999999998456279];[0.0, 0.9999999984096621];[0.0, 0.9999999997778728];[0.0, 0.9999999995273997];[0.0, 0.9999999996876361];[0.0, 0.9999999998536662];[1.0, 0.9999999999999998];[1.0, 0.9999999999999987];[1.0, 0.9999999999999889];[1.0, 0.9999999999999998];[1.0, 0.9999999999999998];[1.0, 0.9999999999999998];[1.0, 0.9999999999999998];[1.0, 0.9999999999999998];[1.0, 0.9999999999999998];[1.0, 0.9999999999999998]
2.0;[0.0, 0.9991635293086826];[0.0, 0.9993209761788594];[0.0, 0.9994906265542693];[0.0, 0.9999623225796348];[0.0, 0.9993728625349837];[0.0, 0.9993943511888759];[0.0, 0.999121770119186];[0.0, 0.9994028094696873];[0.0, 0.9994067392915692];[0.0, 0.9993841374484167];[1.0, 0.9999959292127101];[1.0, 0.9999913988225242];[1.0, 0.9999984009988889];[1.0, 0.999980247460519];[1.0, 0.9999830503678078];[1.0, 0.9999979718890037];[1.0, 0.9999987974069634];[1.0, 0.9999308633028452];[1.0, 0.9999875488940647];[1.0, 0.9999997185132988]
2.0;[0.0, 0.9999999999231255];[0.0, 0.9999999999199636];[0.0, 0.9999999999996934];[0.0, 0.9999999999661149];[0.0, 0.9999999999494631];[0.0, 0.9999999999508933];[0.0, 0.9999999998809228];[0.0, 0.9999999999569202];[0.0, 0.9999999999722007];[0.0, 0.9999999999225062];[1.0, 0.999999999999891];[1.0, 0.9999999999998038];[1.0, 0.9999999999997824];[1.0, 0.9999999999999215];[1.0, 0.9999999999999108];[1.0, 0.9999999999951902];[1.0, 0.9999999999999925];[1.0, 0.9999999999994001];[1.0, 0.9999999999999878];[1.0, 0.9999999999999245]
2.0;[0.0, 0.9993179451722924];[0.0, 0.9995987484320203];[0.0, 0.9998715101858977];[0.0, 0.9999882795276933];[0.0, 0.9999196364651662];[0.0, 0.999929556957176];[0.0, 0.9999018101640416];[0.0, 0.9998803115992958];[0.0, 0.999900273467603];[0.0, 0.9998897721311224];[1.0, 0.9999942029068103];[1.0, 0.9998865202018372];[1.0, 0.9999921831742494];[1.0, 0.9999501114339996];[1.0, 0.9999793242612801];[1.0, 0.9995419299058244];[1.0, 0.9999383691906103];[1.0, 0.9995735790696771];[1.0, 0.999935141481774];[1.0, 0.9999509154704365]
2.0;[0.0, 0.9990724066809062];[0.0, 0.9995301874112086];[0.0, 0.9996972537642168];[0.0, 0.9985617934343898];[0.0, 0.9987407486858896];[0.0, 0.9995840541726658];[0.0, 0.9995887835093722];[0.0, 0.9997121787045649];[0.0, 0.9996001581051852];[0.0, 0.9997261268611777];[1.0, 0.9999999997624957];[1.0, 0.9999999995593409];[1.0, 0.9999999998062903];[1.0, 0.9999999991755373];[1.0, 0.999999998869739];[1.0, 0.999999999859192];[1.0, 0.9999999993632802];[1.0, 0.9999999999694633];[1.0, 0.9999999998615633];[1.0, 0.9999999999266939]
2.0;[0.0, 0.9998408297865451];[0.0, 0.9999980997271993];[0.0, 0.9986883810081874];[0.0, 0.9990423884583808];[0.0, 0.9999917725642562];[0.0, 0.999898758443175];[0.0, 0.9999932693904177];[0.0, 0.9999969068969905];[0.0, 0.9999954174965867];[0.0, 0.9998253857730628];[1.0, 0.03352461359124348];[1.0, 0.9999923312593053];[1.0, 0.32696687151253134];[1.0, 0.9999930688139873];[1.0, 0.9997513723622868];[1.0, 0.9999937254249771];[1.0, 0.9999920652131078];[1.0, 0.999949345389737];[1.0, 0.9999845091962051];[1.0, 0.9999280586246434]
2.0;[0.0, 0.9999999999998385];[0.0, 0.999999999955574];[0.0, 0.9999999994280425];[0.0, 0.9999999995912666];[0.0, 0.9999999998540074];[0.0, 0.999990879237268];[0.0, 0.9999999998601874];[0.0, 0.999958640388683];[0.0, 0.9999999999998206];[0.0, 0.9999999960888527];[1.0, 0.9999999906561342];[1.0, 0.9999999999917771];[1.0, 0.999999988485242];[1.0, 0.9999999998527955];[1.0, 0.9999997302235765];[1.0, 0.9999999999813218];[1.0, 0.999999923377708];[1.0, 0.9999999999762222];[1.0, 0.9999999997934638];[1.0, 0.9999999994767427]
2.0;[0.0, 0.9999960503264786];[0.0, 0.9999973166893437];[0.0, 0.9999976124006732];[0.0, 0.9999973177492816];[0.0, 0.9999970770157112];[0.0, 0.9999998445136291];[0.0, 0.9999976907808533];[0.0, 0.9999971374739927];[0.0, 0.9999995919174299];[0.0, 0.9999989397927584];[1.0, 0.99995275760986];[1.0, 0.9999934641513656];[1.0, 0.9999967878872722];[1.0, 0.9999154589733585];[1.0, 0.9993735514343575];[1.0, 0.9999896885897434];[1.0, 0.9999554796419404];[1.0, 0.9999478798914335];[1.0, 0.9999843554941599];[1.0, 0.9999909145156884]
